antecedent support,consequent support,support,confidence,lift,representativity,leverage,conviction,zhangs_metric,jaccard,certainty,kulczynski,antecedents_str,consequents_str,antecedent_len,consequent_len,actionability_score,novelty,consequent_price,antecedent_support_count,baskets_missing_consequent,estimated_incremental_baskets_per_period,estimated_incremental_revenue_per_period,business_insight,recommended_action
0.01885703290359823,0.049259187993072925,0.015008658841639407,0.7959183673469388,16.157764668367346,1.0,0.0140797767128495,4.658629978833942,0.9561402185446116,0.2826086956521739,0.7853446175069907,0.5503029336734694,Spaghetti,Tomato Pasta Sauce,1,1,8.609078114004223,Obvious (known pattern),3.1,98.0,20.0,4.0,12.4,Customers who buy **Spaghetti** buy **Tomato Pasta Sauce** 80% of the time — that's 16.16x more often than if the two were unrelated (lift=16.16). Closing this gap for even a fraction of missed baskets could add roughly **$12** in incremental revenue over the analysis period.,"High priority: co-locate Tomato Pasta Sauce next to Spaghetti, or bundle them at a small discount; this is a strong, reliable pattern."
0.022705406965557052,0.049259187993072925,0.01520107754473735,0.6694915254237288,13.591201006355933,1.0,0.014082627634561747,2.87660040555942,0.9479464959961719,0.2677966101694916,0.6523674271659823,0.4890426377118644,Penne,Tomato Pasta Sauce,1,1,8.38208649912332,Obvious (known pattern),3.1,118.0,39.0,7.8,24.18,Customers who buy **Penne** buy **Tomato Pasta Sauce** 67% of the time — that's 13.59x more often than if the two were unrelated (lift=13.59). Closing this gap for even a fraction of missed baskets could add roughly **$24** in incremental revenue over the analysis period.,"High priority: co-locate Tomato Pasta Sauce next to Penne, or bundle them at a small discount; this is a strong, reliable pattern."
0.0173176832788147,0.028093130652299403,0.012314796998268231,0.7111111111111111,25.312633181126333,1.0,0.011828289059321349,3.3642930092805026,0.9774206970824358,0.3720930232558139,0.702760729448514,0.5747336377473364,Diapers Pack,Baby Wipes,1,1,8.077394636015326,Noteworthy,4.6,90.0,25.999999999999996,5.2,23.92,Customers who buy **Diapers Pack** buy **Baby Wipes** 71% of the time — that's 25.31x more often than if the two were unrelated (lift=25.31). Closing this gap for even a fraction of missed baskets could add roughly **$24** in incremental revenue over the analysis period.,"High priority: co-locate Baby Wipes next to Diapers Pack, or bundle them at a small discount; this is a strong, reliable pattern."
0.006349817202232057,0.01885703290359823,0.006349817202232057,1.0,53.03061224489796,1.0,0.0062300784903177335,inf,0.987412858249419,0.336734693877551,1.0,0.6683673469387755,"Parmesan Cheese, Tomato Pasta Sauce",Spaghetti,2,1,7.853448275862069,Obvious (known pattern),1.9,33.0,0.0,0.0,0.0,"Customers who buy **Parmesan Cheese, Tomato Pasta Sauce** buy **Spaghetti** 100% of the time — that's 53.03x more often than if the two were unrelated (lift=53.03).","High priority: co-locate Spaghetti next to Parmesan Cheese, Tomato Pasta Sauce, or bundle them at a small discount; this is a strong, reliable pattern."
0.006349817202232057,0.049259187993072925,0.006349817202232057,1.0,20.30078125,1.0,0.00603703036294566,inf,0.9568164213787761,0.12890625,1.0,0.564453125,"Parmesan Cheese, Spaghetti",Tomato Pasta Sauce,2,1,7.853448275862069,Obvious (known pattern),3.1,33.0,0.0,0.0,0.0,"Customers who buy **Parmesan Cheese, Spaghetti** buy **Tomato Pasta Sauce** 100% of the time — that's 20.3x more often than if the two were unrelated (lift=20.3).","High priority: co-locate Tomato Pasta Sauce next to Parmesan Cheese, Spaghetti, or bundle them at a small discount; this is a strong, reliable pattern."
0.02578410621512411,0.03348085433904176,0.012892053107562055,0.5,14.933908045977011,1.0,0.012028779203111104,1.9330382913219164,0.9577325696227533,0.2780082987551867,0.48267967350189134,0.44252873563218387,Peanut Butter,Strawberry Jam,1,1,7.732758620689655,Obvious (known pattern),3.6,134.0,67.0,13.4,48.24,Customers who buy **Peanut Butter** buy **Strawberry Jam** 50% of the time — that's 14.93x more often than if the two were unrelated (lift=14.93). Closing this gap for even a fraction of missed baskets could add roughly **$48** in incremental revenue over the analysis period.,"High priority: co-locate Strawberry Jam next to Peanut Butter, or bundle them at a small discount; this is a strong, reliable pattern."
0.049259187993072925,0.022705406965557052,0.01520107754473735,0.30859375,13.591201006355933,1.0,0.014082627634561747,1.4134882249537706,0.9744222329821002,0.2677966101694916,0.29253036399881865,0.4890426377118644,Tomato Pasta Sauce,Penne,1,1,7.660290948275862,Obvious (known pattern),1.9,256.0,177.0,35.4,67.26,Customers who buy **Tomato Pasta Sauce** buy **Penne** 31% of the time — that's 13.59x more often than if the two were unrelated (lift=13.59). Closing this gap for even a fraction of missed baskets could add roughly **$67** in incremental revenue over the analysis period.,Feature 'Penne' in a 'frequently bought with Tomato Pasta Sauce' recommendation slot online and on receipts.
0.005580142389840293,0.032133923417356165,0.005387723686742351,0.9655172413793103,30.046665290109434,1.0,0.00520841181852928,28.068116220896613,0.9721431335692172,0.16666666666666663,0.9643723863714265,0.5665909560189965,"BBQ Sauce, Charcoal Bag, Ground Beef",Burger Buns,3,1,7.655172413793103,Obvious (known pattern),2.8,29.0,1.000000000000002,0.2,0.56,"Customers who buy **BBQ Sauce, Charcoal Bag, Ground Beef** buy **Burger Buns** 97% of the time — that's 30.05x more often than if the two were unrelated (lift=30.05). Closing this gap for even a fraction of missed baskets could add roughly **$1** in incremental revenue over the analysis period.","High priority: co-locate Burger Buns next to BBQ Sauce, Charcoal Bag, Ground Beef, or bundle them at a small discount; this is a strong, reliable pattern."
0.007119492014623821,0.032133923417356165,0.006349817202232057,0.8918918918918919,27.755462048875224,1.0,0.0061210399910636565,8.952761208389454,0.9708832511158093,0.1929824561403509,0.8883026167320401,0.5447483411555267,"Charcoal Bag, Ground Beef",Burger Buns,2,1,7.637232059645854,Obvious (known pattern),2.8,37.0,4.0,0.8,2.24,"Customers who buy **Charcoal Bag, Ground Beef** buy **Burger Buns** 89% of the time — that's 27.76x more often than if the two were unrelated (lift=27.76). Closing this gap for even a fraction of missed baskets could add roughly **$2** in incremental revenue over the analysis period.","High priority: co-locate Burger Buns next to Charcoal Bag, Ground Beef, or bundle them at a small discount; this is a strong, reliable pattern."
0.00673465460842794,0.10583028670386761,0.00673465460842794,1.0,9.44909090909091,1.0,0.006021924180366487,inf,0.900232468035645,0.06363636363636364,1.0,0.5318181818181819,"Burger Buns, Ketchup",Ground Beef,2,1,7.629717868338558,Obvious (known pattern),6.9,35.0,0.0,0.0,0.0,"Customers who buy **Burger Buns, Ketchup** buy **Ground Beef** 100% of the time — that's 9.45x more often than if the two were unrelated (lift=9.45).","High priority: co-locate Ground Beef next to Burger Buns, Ketchup, or bundle them at a small discount; this is a strong, reliable pattern."
0.049259187993072925,0.01885703290359823,0.015008658841639407,0.3046875,16.157764668367346,1.0,0.0140797767128495,1.4110820200937015,0.986715032252373,0.2826086956521739,0.2913239728378113,0.5503029336734694,Tomato Pasta Sauce,Spaghetti,1,1,7.626616379310345,Obvious (known pattern),1.9,256.0,178.0,35.6,67.64,Customers who buy **Tomato Pasta Sauce** buy **Spaghetti** 30% of the time — that's 16.16x more often than if the two were unrelated (lift=16.16). Closing this gap for even a fraction of missed baskets could add roughly **$68** in incremental revenue over the analysis period.,Feature 'Spaghetti' in a 'frequently bought with Tomato Pasta Sauce' recommendation slot online and on receipts.
0.006542235905329998,0.02212815085626323,0.005964979796036175,0.9117647058823529,41.20383631713555,1.0,0.005820212212985771,11.082547623629015,0.9821559108545296,0.2627118644067796,0.9097680394471838,0.5906649616368287,"BBQ Sauce, Burger Buns",Charcoal Bag,2,1,7.62525354969574,Noteworthy,8.2,34.0,3.000000000000001,0.6,4.92,"Customers who buy **BBQ Sauce, Burger Buns** buy **Charcoal Bag** 91% of the time — that's 41.2x more often than if the two were unrelated (lift=41.2). Closing this gap for even a fraction of missed baskets could add roughly **$5** in incremental revenue over the analysis period.","High priority: co-locate Charcoal Bag next to BBQ Sauce, Burger Buns, or bundle them at a small discount; this is a strong, reliable pattern."
0.005772561092938233,0.02212815085626323,0.005387723686742351,0.9333333333333332,42.178550724637674,1.0,0.005259987584050818,14.66807773715603,0.9819596892366391,0.2393162393162393,0.9318247409156499,0.5884057971014492,"BBQ Sauce, Burger Buns, Ground Beef",Charcoal Bag,3,1,7.5908045977011485,Obvious (known pattern),8.2,30.0,2.0000000000000027,0.4,3.28,"Customers who buy **BBQ Sauce, Burger Buns, Ground Beef** buy **Charcoal Bag** 93% of the time — that's 42.18x more often than if the two were unrelated (lift=42.18). Closing this gap for even a fraction of missed baskets could add roughly **$3** in incremental revenue over the analysis period.","High priority: co-locate Charcoal Bag next to BBQ Sauce, Burger Buns, Ground Beef, or bundle them at a small discount; this is a strong, reliable pattern."
0.028093130652299403,0.0173176832788147,0.012314796998268231,0.4383561643835616,25.31263318112633,1.0,0.011828289059321349,1.7496538809913786,0.9882572757869729,0.3720930232558139,0.4284583877621636,0.5747336377473364,Baby Wipes,Diapers Pack,1,1,7.531884742560226,Noteworthy,14.9,146.0,82.0,16.4,244.36,Customers who buy **Baby Wipes** buy **Diapers Pack** 44% of the time — that's 25.31x more often than if the two were unrelated (lift=25.31). Closing this gap for even a fraction of missed baskets could add roughly **$244** in incremental revenue over the analysis period.,"High priority: co-locate Diapers Pack next to Baby Wipes, or bundle them at a small discount; this is a strong, reliable pattern."
0.03348085433904176,0.02578410621512411,0.012892053107562055,0.3850574712643678,14.93390804597701,1.0,0.012028779203111104,1.5842389300800783,0.9653593470037827,0.2780082987551867,0.3687820814064624,0.44252873563218387,Strawberry Jam,Peanut Butter,1,1,7.50287356321839,Obvious (known pattern),4.5,174.0,107.00000000000001,21.4,96.3,Customers who buy **Strawberry Jam** buy **Peanut Butter** 39% of the time — that's 14.93x more often than if the two were unrelated (lift=14.93). Closing this gap for even a fraction of missed baskets could add roughly **$96** in incremental revenue over the analysis period.,Feature 'Peanut Butter' in a 'frequently bought with Strawberry Jam' recommendation slot online and on receipts.
0.006349817202232057,0.02867038676159323,0.005387723686742351,0.8484848484848484,29.594468171649375,1.0,0.00520567197168894,6.410775447373481,0.9723843642801814,0.1818181818181818,0.8440126302646112,0.5182021557860483,"Burger Buns, Charcoal Bag, Ground Beef",BBQ Sauce,3,1,7.4211076280041794,Obvious (known pattern),3.9,33.0,5.000000000000003,1.0,3.9,"Customers who buy **Burger Buns, Charcoal Bag, Ground Beef** buy **BBQ Sauce** 85% of the time — that's 29.59x more often than if the two were unrelated (lift=29.59). Closing this gap for even a fraction of missed baskets could add roughly **$4** in incremental revenue over the analysis period.","High priority: co-locate BBQ Sauce next to Burger Buns, Charcoal Bag, Ground Beef, or bundle them at a small discount; this is a strong, reliable pattern."
0.006542235905329998,0.007119492014623821,0.005387723686742351,0.8235294117647057,115.67249602543718,1.0,0.005341146290456569,5.626322878583793,0.9978832904457542,0.6511627906976744,0.8222640218878248,0.7901430842607312,"BBQ Sauce, Burger Buns","Charcoal Bag, Ground Beef",2,2,7.3711967545638934,Obvious (known pattern),15.1,34.0,6.000000000000005,1.2,18.12,"Customers who buy **BBQ Sauce, Burger Buns** buy **Charcoal Bag, Ground Beef** 82% of the time — that's 115.67x more often than if the two were unrelated (lift=115.67). Closing this gap for even a fraction of missed baskets could add roughly **$18** in incremental revenue over the analysis period.","High priority: co-locate Charcoal Bag, Ground Beef next to BBQ Sauce, Burger Buns, or bundle them at a small discount; this is a strong, reliable pattern."
0.007119492014623821,0.02867038676159323,0.005580142389840293,0.7837837837837838,27.337747143116268,1.0,0.005376023800234953,4.492399461227631,0.970328789093825,0.18471337579617836,0.7774018075127425,0.48920732813350265,"Charcoal Bag, Ground Beef",BBQ Sauce,2,1,7.3175675675675675,Noteworthy,3.9,37.0,8.0,1.6,6.24,"Customers who buy **Charcoal Bag, Ground Beef** buy **BBQ Sauce** 78% of the time — that's 27.34x more often than if the two were unrelated (lift=27.34). Closing this gap for even a fraction of missed baskets could add roughly **$6** in incremental revenue over the analysis period.","High priority: co-locate BBQ Sauce next to Charcoal Bag, Ground Beef, or bundle them at a small discount; this is a strong, reliable pattern."
0.007504329420819703,0.032133923417356165,0.005772561092938233,0.7692307692307693,23.938277291570706,1.0,0.005531417546031,4.194086331858124,0.965471112834432,0.17045454545454547,0.761569047254932,0.47443574389682175,"BBQ Sauce, Ground Beef",Burger Buns,2,1,7.314323607427055,Obvious (known pattern),2.8,39.0,8.999999999999998,1.8,5.04,"Customers who buy **BBQ Sauce, Ground Beef** buy **Burger Buns** 77% of the time — that's 23.94x more often than if the two were unrelated (lift=23.94). Closing this gap for even a fraction of missed baskets could add roughly **$5** in incremental revenue over the analysis period.","High priority: co-locate Burger Buns next to BBQ Sauce, Ground Beef, or bundle them at a small discount; this is a strong, reliable pattern."
0.007119492014623821,0.006542235905329998,0.005387723686742351,0.7567567567567567,115.6724960254372,1.0,0.005341146290456569,4.084215252389198,0.9984634551495016,0.6511627906976744,0.7551549224994896,0.7901430842607312,"Charcoal Bag, Ground Beef","BBQ Sauce, Burger Buns",2,2,7.237651444547995,Obvious (known pattern),6.699999999999999,37.0,9.000000000000002,1.8,12.06,"Customers who buy **Charcoal Bag, Ground Beef** buy **BBQ Sauce, Burger Buns** 76% of the time — that's 115.67x more often than if the two were unrelated (lift=115.67). Closing this gap for even a fraction of missed baskets could add roughly **$12** in incremental revenue over the analysis period.","High priority: co-locate BBQ Sauce, Burger Buns next to Charcoal Bag, Ground Beef, or bundle them at a small discount; this is a strong, reliable pattern."
0.007504329420819703,0.02212815085626323,0.005580142389840293,0.7435897435897436,33.60379041248606,1.0,0.0054140854563413,3.813700211660574,0.9775775160112847,0.232,0.7377874650601923,0.49788182831661093,"BBQ Sauce, Ground Beef",Charcoal Bag,2,1,7.237179487179487,Noteworthy,8.2,39.0,10.0,2.0,16.4,"Customers who buy **BBQ Sauce, Ground Beef** buy **Charcoal Bag** 74% of the time — that's 33.6x more often than if the two were unrelated (lift=33.6). Closing this gap for even a fraction of missed baskets could add roughly **$16** in incremental revenue over the analysis period.","High priority: co-locate Charcoal Bag next to BBQ Sauce, Ground Beef, or bundle them at a small discount; this is a strong, reliable pattern."
0.0205888012314797,0.02770829324610352,0.009428516451799115,0.45794392523364486,16.52732346832814,1.0,0.008858035909691538,1.7937105624597744,0.9592438154043542,0.2425742574257426,0.44249645348095235,0.39911085150571135,Balloons Pack,Candles,1,1,7.183129229777635,Noteworthy,4.0,107.0,58.00000000000001,11.6,46.4,Customers who buy **Balloons Pack** buy **Candles** 46% of the time — that's 16.53x more often than if the two were unrelated (lift=16.53). Closing this gap for even a fraction of missed baskets could add roughly **$46** in incremental revenue over the analysis period.,"High priority: co-locate Candles next to Balloons Pack, or bundle them at a small discount; this is a strong, reliable pattern."
0.007504329420819703,0.009236097748701174,0.005387723686742351,0.7179487179487178,77.73290598290596,1.0,0.0053184129666732066,3.512708380709149,0.9945992355841136,0.4745762711864406,0.7153193799144468,0.6506410256410255,"BBQ Sauce, Ground Beef","Burger Buns, Charcoal Bag",2,2,7.160035366931918,Obvious (known pattern),11.0,39.0,11.000000000000004,2.2,24.2,"Customers who buy **BBQ Sauce, Ground Beef** buy **Burger Buns, Charcoal Bag** 72% of the time — that's 77.73x more often than if the two were unrelated (lift=77.73). Closing this gap for even a fraction of missed baskets could add roughly **$24** in incremental revenue over the analysis period.","High priority: co-locate Burger Buns, Charcoal Bag next to BBQ Sauce, Ground Beef, or bundle them at a small discount; this is a strong, reliable pattern."
0.0205888012314797,0.03271117952664999,0.009236097748701174,0.4485981308411215,13.713908741066522,1.0,0.00856261377537973,1.754235657468618,0.9465700720366732,0.20960698689956336,0.42995116092725455,0.36547553600879606,Balloons Pack,Paper Plates,1,1,7.1385755720270705,Noteworthy,2.9,107.0,58.99999999999999,11.8,34.22,Customers who buy **Balloons Pack** buy **Paper Plates** 45% of the time — that's 13.71x more often than if the two were unrelated (lift=13.71). Closing this gap for even a fraction of missed baskets could add roughly **$34** in incremental revenue over the analysis period.,"High priority: co-locate Paper Plates next to Balloons Pack, or bundle them at a small discount; this is a strong, reliable pattern."
0.02212815085626323,0.02867038676159323,0.009428516451799115,0.4260869565217391,14.86156988619784,1.0,0.008794093808431169,1.6924682654911631,0.9538185994586736,0.22790697674418606,0.40914697168056224,0.3774730084622119,Charcoal Bag,BBQ Sauce,1,1,7.119415292353823,Noteworthy,3.9,115.0,66.0,13.2,51.48,Customers who buy **Charcoal Bag** buy **BBQ Sauce** 43% of the time — that's 14.86x more often than if the two were unrelated (lift=14.86). Closing this gap for even a fraction of missed baskets could add roughly **$51** in incremental revenue over the analysis period.,"High priority: co-locate BBQ Sauce next to Charcoal Bag, or bundle them at a small discount; this is a strong, reliable pattern."
0.009236097748701174,0.02867038676159323,0.005964979796036175,0.6458333333333334,22.526146532438478,1.0,0.0057001773014130315,2.742577731496678,0.9645155025404243,0.18674698795180725,0.6353795232435288,0.4269435123042506,"Burger Buns, Charcoal Bag",BBQ Sauce,2,1,7.093390804597702,Noteworthy,3.9,48.0,17.0,3.4,13.26,"Customers who buy **Burger Buns, Charcoal Bag** buy **BBQ Sauce** 65% of the time — that's 22.53x more often than if the two were unrelated (lift=22.53). Closing this gap for even a fraction of missed baskets could add roughly **$13** in incremental revenue over the analysis period.","High priority: co-locate BBQ Sauce next to Burger Buns, Charcoal Bag, or bundle them at a small discount; this is a strong, reliable pattern."
0.02212815085626323,0.032133923417356165,0.009236097748701174,0.41739130434782606,12.989117417339235,1.0,0.008525033443718308,1.6612626687612544,0.9438992194674013,0.20512820512820515,0.3980482323450601,0.35240822702421243,Charcoal Bag,Burger Buns,1,1,7.076161919040479,Noteworthy,2.8,115.0,67.0,13.4,37.52,Customers who buy **Charcoal Bag** buy **Burger Buns** 42% of the time — that's 12.99x more often than if the two were unrelated (lift=12.99). Closing this gap for even a fraction of missed baskets could add roughly **$38** in incremental revenue over the analysis period.,"High priority: co-locate Burger Buns next to Charcoal Bag, or bundle them at a small discount; this is a strong, reliable pattern."
0.009428516451799115,0.032133923417356165,0.005964979796036175,0.6326530612244898,19.688011731638767,1.0,0.005662004570434779,2.6347465418083083,0.9582424743715067,0.16756756756756758,0.6204568507323407,0.40914090186972996,"BBQ Sauce, Charcoal Bag",Burger Buns,2,1,7.067030260380014,Noteworthy,2.8,49.0,18.0,3.6,10.08,"Customers who buy **BBQ Sauce, Charcoal Bag** buy **Burger Buns** 63% of the time — that's 19.69x more often than if the two were unrelated (lift=19.69). Closing this gap for even a fraction of missed baskets could add roughly **$10** in incremental revenue over the analysis period.","High priority: co-locate Burger Buns next to BBQ Sauce, Charcoal Bag, or bundle them at a small discount; this is a strong, reliable pattern."
0.02770829324610352,0.0205888012314797,0.009428516451799115,0.3402777777777778,16.52732346832814,1.0,0.008858035909691538,1.4845811855017572,0.9662677657645286,0.2425742574257426,0.3264093538528705,0.39911085150571135,Candles,Balloons Pack,1,1,6.9477969348659006,Noteworthy,3.5,144.0,95.0,19.0,66.5,Customers who buy **Candles** buy **Balloons Pack** 34% of the time — that's 16.53x more often than if the two were unrelated (lift=16.53). Closing this gap for even a fraction of missed baskets could add roughly **$66** in incremental revenue over the analysis period.,Feature 'Balloons Pack' in a 'frequently bought with Candles' recommendation slot online and on receipts.
0.02867038676159323,0.02212815085626323,0.009428516451799115,0.3288590604026846,14.861569886197842,1.0,0.008794093808431169,1.457029055224168,0.960242892719687,0.22790697674418606,0.313671888412584,0.3774730084622119,BBQ Sauce,Charcoal Bag,1,1,6.9249595001157145,Noteworthy,8.2,149.0,99.99999999999999,20.0,164.0,Customers who buy **BBQ Sauce** buy **Charcoal Bag** 33% of the time — that's 14.86x more often than if the two were unrelated (lift=14.86). Closing this gap for even a fraction of missed baskets could add roughly **$164** in incremental revenue over the analysis period.,Feature 'Charcoal Bag' in a 'frequently bought with BBQ Sauce' recommendation slot online and on receipts.
0.009236097748701174,0.007504329420819703,0.005387723686742351,0.5833333333333333,77.73290598290598,1.0,0.0053184129666732066,2.381989609390032,0.9963377077379798,0.4745762711864406,0.5801828874240661,0.6506410256410255,"Burger Buns, Charcoal Bag","BBQ Sauce, Ground Beef",2,2,6.890804597701148,Obvious (known pattern),10.8,48.0,20.000000000000004,4.0,43.2,"Customers who buy **Burger Buns, Charcoal Bag** buy **BBQ Sauce, Ground Beef** 58% of the time — that's 77.73x more often than if the two were unrelated (lift=77.73). Closing this gap for even a fraction of missed baskets could add roughly **$43** in incremental revenue over the analysis period.","High priority: co-locate BBQ Sauce, Ground Beef next to Burger Buns, Charcoal Bag, or bundle them at a small discount; this is a strong, reliable pattern."
0.009428516451799115,0.01539349624783529,0.005387723686742351,0.5714285714285714,37.12142857142857,1.0,0.005242585854118928,2.2974151754217176,0.9823232323232323,0.2772277227722772,0.5647282168681426,0.4607142857142857,"BBQ Sauce, Charcoal Bag","Burger Buns, Ground Beef",2,2,6.866995073891625,Obvious (known pattern),9.7,49.0,21.0,4.2,40.74,"Customers who buy **BBQ Sauce, Charcoal Bag** buy **Burger Buns, Ground Beef** 57% of the time — that's 37.12x more often than if the two were unrelated (lift=37.12). Closing this gap for even a fraction of missed baskets could add roughly **$41** in incremental revenue over the analysis period.","High priority: co-locate Burger Buns, Ground Beef next to BBQ Sauce, Charcoal Bag, or bundle them at a small discount; this is a strong, reliable pattern."
0.014431402732345585,0.032133923417356165,0.00673465460842794,0.4666666666666667,14.522554890219562,1.0,0.006270917018221722,1.8147488935924572,0.9447760361465944,0.16908212560386476,0.448959575878065,0.33812375249501,"Ground Beef, Ketchup",Burger Buns,2,1,6.838505747126437,Obvious (known pattern),2.8,75.0,40.0,8.0,22.4,"Customers who buy **Ground Beef, Ketchup** buy **Burger Buns** 47% of the time — that's 14.52x more often than if the two were unrelated (lift=14.52). Closing this gap for even a fraction of missed baskets could add roughly **$22** in incremental revenue over the analysis period.","High priority: co-locate Burger Buns next to Ground Beef, Ketchup, or bundle them at a small discount; this is a strong, reliable pattern."
0.032133923417356165,0.02212815085626323,0.009236097748701174,0.2874251497005988,12.989117417339234,1.0,0.008525033443718308,1.3723075530000342,0.9536572233267065,0.20512820512820515,0.27130037445769617,0.35240822702421243,Burger Buns,Charcoal Bag,1,1,6.816229609746025,Noteworthy,8.2,167.0,118.99999999999999,23.8,195.16,Customers who buy **Burger Buns** buy **Charcoal Bag** 29% of the time — that's 12.99x more often than if the two were unrelated (lift=12.99). Closing this gap for even a fraction of missed baskets could add roughly **$195** in incremental revenue over the analysis period.,Feature 'Charcoal Bag' in a 'frequently bought with Burger Buns' recommendation slot online and on receipts.
0.03271117952664999,0.0205888012314797,0.009236097748701174,0.28235294117647064,13.713908741066522,1.0,0.00856261377537973,1.3647533097594138,0.9584327962336715,0.20960698689956336,0.26726684386917837,0.36547553600879606,Paper Plates,Balloons Pack,1,1,6.806085192697768,Noteworthy,3.5,170.0,121.99999999999999,24.4,85.4,Customers who buy **Paper Plates** buy **Balloons Pack** 28% of the time — that's 13.71x more often than if the two were unrelated (lift=13.71). Closing this gap for even a fraction of missed baskets could add roughly **$85** in incremental revenue over the analysis period.,Feature 'Balloons Pack' in a 'frequently bought with Paper Plates' recommendation slot online and on receipts.
0.005964979796036175,0.10583028670386761,0.005387723686742351,0.9032258064516128,8.53466275659824,1.0,0.004756448164745065,9.239753704060021,0.8881284221005475,0.05063291139240506,0.8917720069139298,0.47706744868035184,"BBQ Sauce, Burger Buns, Charcoal Bag",Ground Beef,3,1,6.797920922236829,Obvious (known pattern),6.9,31.0,3.0000000000000044,0.6,4.14,"Customers who buy **BBQ Sauce, Burger Buns, Charcoal Bag** buy **Ground Beef** 90% of the time — that's 8.53x more often than if the two were unrelated (lift=8.53). Closing this gap for even a fraction of missed baskets could add roughly **$4** in incremental revenue over the analysis period.","High priority: co-locate Ground Beef next to BBQ Sauce, Burger Buns, Charcoal Bag, or bundle them at a small discount; this is a strong, reliable pattern."
0.01539349624783529,0.03290359822974793,0.00673465460842794,0.4375,13.296418128654972,1.0,0.006228153192538035,1.7192824920360037,0.9392501186521119,0.16203703703703703,0.41836201750895347,0.32108918128654973,"Burger Buns, Ground Beef",Ketchup,2,1,6.780172413793103,Obvious (known pattern),2.6,80.0,45.0,9.0,23.4,"Customers who buy **Burger Buns, Ground Beef** buy **Ketchup** 44% of the time — that's 13.3x more often than if the two were unrelated (lift=13.3). Closing this gap for even a fraction of missed baskets could add roughly **$23** in incremental revenue over the analysis period.","High priority: co-locate Ketchup next to Burger Buns, Ground Beef, or bundle them at a small discount; this is a strong, reliable pattern."
0.006542235905329998,0.10583028670386761,0.005772561092938233,0.8823529411764706,8.337433155080214,1.0,0.005080194391392822,7.600442563017124,0.8858544773710374,0.05415162454873646,0.8684287142875226,0.46844919786096256,"BBQ Sauce, Burger Buns",Ground Beef,2,1,6.709284528858565,Obvious (known pattern),6.9,34.0,4.000000000000001,0.8,5.52,"Customers who buy **BBQ Sauce, Burger Buns** buy **Ground Beef** 88% of the time — that's 8.34x more often than if the two were unrelated (lift=8.34). Closing this gap for even a fraction of missed baskets could add roughly **$6** in incremental revenue over the analysis period.","High priority: co-locate Ground Beef next to BBQ Sauce, Burger Buns, or bundle them at a small discount; this is a strong, reliable pattern."
0.015008658841639407,0.02347508177794882,0.006349817202232057,0.4230769230769231,18.022383354350566,1.0,0.0059974877085472375,1.692643191584889,0.9589053259692056,0.1976047904191617,0.40920803334596434,0.3467843631778058,"Spaghetti, Tomato Pasta Sauce",Parmesan Cheese,2,1,6.699602122015915,Obvious (known pattern),6.5,78.0,44.99999999999999,9.0,58.5,"Customers who buy **Spaghetti, Tomato Pasta Sauce** buy **Parmesan Cheese** 42% of the time — that's 18.02x more often than if the two were unrelated (lift=18.02). Closing this gap for even a fraction of missed baskets could add roughly **$58** in incremental revenue over the analysis period.","High priority: co-locate Parmesan Cheese next to Spaghetti, Tomato Pasta Sauce, or bundle them at a small discount; this is a strong, reliable pattern."
0.0173176832788147,0.02405233788724264,0.00673465460842794,0.3888888888888889,16.168444444444443,1.0,0.006318123838781636,1.5970052652754212,0.9546840471062128,0.19444444444444445,0.37382798808271994,0.33444444444444443,Baby Formula,Baby Food Jars,1,1,6.682950191570881,Noteworthy,2.1,90.0,55.00000000000001,11.0,23.1,Customers who buy **Baby Formula** buy **Baby Food Jars** 39% of the time — that's 16.17x more often than if the two were unrelated (lift=16.17). Closing this gap for even a fraction of missed baskets could add roughly **$23** in incremental revenue over the analysis period.,Feature 'Baby Food Jars' in a 'frequently bought with Baby Formula' recommendation slot online and on receipts.
0.01539349624783529,0.02212815085626323,0.006349817202232057,0.4125,18.64141304347826,1.0,0.006009187595054636,1.664462721946786,0.9611514796193318,0.20370370370370372,0.39920552931916564,0.3497282608695652,"Burger Buns, Ground Beef",Charcoal Bag,2,1,6.67844827586207,Obvious (known pattern),8.2,80.0,47.0,9.4,77.08,"Customers who buy **Burger Buns, Ground Beef** buy **Charcoal Bag** 41% of the time — that's 18.64x more often than if the two were unrelated (lift=18.64). Closing this gap for even a fraction of missed baskets could add roughly **$77** in incremental revenue over the analysis period.","High priority: co-locate Charcoal Bag next to Burger Buns, Ground Beef, or bundle them at a small discount; this is a strong, reliable pattern."
0.01885703290359823,0.02347508177794882,0.006349817202232057,0.336734693877551,14.344345935095347,1.0,0.0059071468127306175,1.4722991074732465,0.94816571282545,0.17647058823529413,0.32079018799638076,0.3036132485781198,Spaghetti,Parmesan Cheese,1,1,6.526917663617171,Noteworthy,6.5,98.0,65.0,13.0,84.5,Customers who buy **Spaghetti** buy **Parmesan Cheese** 34% of the time — that's 14.34x more often than if the two were unrelated (lift=14.34). Closing this gap for even a fraction of missed baskets could add roughly **$84** in incremental revenue over the analysis period.,Feature 'Parmesan Cheese' in a 'frequently bought with Spaghetti' recommendation slot online and on receipts.
0.01885703290359823,0.006349817202232057,0.006349817202232057,0.336734693877551,53.03061224489795,1.0,0.0062300784903177335,1.4981187371412503,1.0,0.336734693877551,0.33249616655337577,0.6683673469387755,Spaghetti,"Parmesan Cheese, Tomato Pasta Sauce",1,2,6.526917663617171,Obvious (known pattern),9.6,98.0,65.0,13.0,124.8,"Customers who buy **Spaghetti** buy **Parmesan Cheese, Tomato Pasta Sauce** 34% of the time — that's 53.03x more often than if the two were unrelated (lift=53.03). Closing this gap for even a fraction of missed baskets could add roughly **$125** in incremental revenue over the analysis period.","Feature 'Parmesan Cheese, Tomato Pasta Sauce' in a 'frequently bought with Spaghetti' recommendation slot online and on receipts."
0.01539349624783529,0.02867038676159323,0.005772561092938233,0.375,13.07969798657718,1.0,0.005331223601899662,1.5541273811814507,0.937984496124031,0.1507537688442211,0.3565520998415214,0.2881711409395973,"Burger Buns, Ground Beef",BBQ Sauce,2,1,6.525862068965517,Obvious (known pattern),3.9,80.0,50.0,10.0,39.0,"Customers who buy **Burger Buns, Ground Beef** buy **BBQ Sauce** 38% of the time — that's 13.08x more often than if the two were unrelated (lift=13.08). Closing this gap for even a fraction of missed baskets could add roughly **$39** in incremental revenue over the analysis period.","Feature 'BBQ Sauce' in a 'frequently bought with Burger Buns, Ground Beef' recommendation slot online and on receipts."
0.02405233788724264,0.0173176832788147,0.00673465460842794,0.28,16.168444444444447,1.0,0.006318123838781636,1.3648365510016462,0.9612719693555655,0.19444444444444445,0.26731153318973955,0.33444444444444443,Baby Food Jars,Baby Formula,1,1,6.465172413793104,Noteworthy,18.0,125.0,90.0,18.0,324.0,Customers who buy **Baby Food Jars** buy **Baby Formula** 28% of the time — that's 16.17x more often than if the two were unrelated (lift=16.17). Closing this gap for even a fraction of missed baskets could add roughly **$324** in incremental revenue over the analysis period.,Feature 'Baby Formula' in a 'frequently bought with Baby Food Jars' recommendation slot online and on receipts.
0.02212815085626323,0.01539349624783529,0.006349817202232057,0.28695652173913044,18.64141304347826,1.0,0.006009187595054636,1.380850584530475,0.9677709801676743,0.20370370370370372,0.27580868545598214,0.3497282608695652,Charcoal Bag,"Burger Buns, Ground Beef",1,2,6.4273613193403305,Obvious (known pattern),9.7,115.0,82.0,16.4,159.08,"Customers who buy **Charcoal Bag** buy **Burger Buns, Ground Beef** 29% of the time — that's 18.64x more often than if the two were unrelated (lift=18.64). Closing this gap for even a fraction of missed baskets could add roughly **$159** in incremental revenue over the analysis period.","Feature 'Burger Buns, Ground Beef' in a 'frequently bought with Charcoal Bag' recommendation slot online and on receipts."
0.01539349624783529,0.009428516451799115,0.005387723686742351,0.35,37.12142857142857,1.0,0.005242585854118928,1.5239561285356937,0.9882743795192496,0.2772277227722772,0.3438131313131313,0.4607142857142857,"Burger Buns, Ground Beef","BBQ Sauce, Charcoal Bag",2,2,6.424137931034482,Obvious (known pattern),12.1,80.0,52.0,10.4,125.84,"Customers who buy **Burger Buns, Ground Beef** buy **BBQ Sauce, Charcoal Bag** 35% of the time — that's 37.12x more often than if the two were unrelated (lift=37.12). Closing this gap for even a fraction of missed baskets could add roughly **$126** in incremental revenue over the analysis period.","Feature 'BBQ Sauce, Charcoal Bag' in a 'frequently bought with Burger Buns, Ground Beef' recommendation slot online and on receipts."
0.02347508177794882,0.015008658841639407,0.006349817202232057,0.2704918032786885,18.022383354350566,1.0,0.0059974877085472375,1.3502128496777528,0.967218987908643,0.1976047904191617,0.259376030794949,0.3467843631778058,Parmesan Cheese,"Spaghetti, Tomato Pasta Sauce",1,2,6.394431882419447,Obvious (known pattern),5.0,122.0,89.0,17.8,89.0,"Customers who buy **Parmesan Cheese** buy **Spaghetti, Tomato Pasta Sauce** 27% of the time — that's 18.02x more often than if the two were unrelated (lift=18.02). Closing this gap for even a fraction of missed baskets could add roughly **$89** in incremental revenue over the analysis period.","Feature 'Spaghetti, Tomato Pasta Sauce' in a 'frequently bought with Parmesan Cheese' recommendation slot online and on receipts."
0.02347508177794882,0.01885703290359823,0.006349817202232057,0.2704918032786885,14.344345935095347,1.0,0.0059071468127306175,1.344937550401809,0.9526496492013734,0.17647058823529413,0.25647105346917903,0.3036132485781198,Parmesan Cheese,Spaghetti,1,1,6.394431882419447,Noteworthy,1.9,122.0,89.0,17.8,33.82,Customers who buy **Parmesan Cheese** buy **Spaghetti** 27% of the time — that's 14.34x more often than if the two were unrelated (lift=14.34). Closing this gap for even a fraction of missed baskets could add roughly **$34** in incremental revenue over the analysis period.,Feature 'Spaghetti' in a 'frequently bought with Parmesan Cheese' recommendation slot online and on receipts.
0.02212815085626323,0.006542235905329998,0.005964979796036175,0.26956521739130435,41.20383631713555,1.0,0.005820212212985771,1.3600909865581792,0.9978101077807824,0.2627118644067796,0.2647550716216558,0.5906649616368287,Charcoal Bag,"BBQ Sauce, Burger Buns",1,2,6.340854572713644,Noteworthy,6.699999999999999,115.0,84.0,16.8,112.56,"Customers who buy **Charcoal Bag** buy **BBQ Sauce, Burger Buns** 27% of the time — that's 41.2x more often than if the two were unrelated (lift=41.2). Closing this gap for even a fraction of missed baskets could add roughly **$113** in incremental revenue over the analysis period.","Feature 'BBQ Sauce, Burger Buns' in a 'frequently bought with Charcoal Bag' recommendation slot online and on receipts."
0.02212815085626323,0.007504329420819703,0.005580142389840293,0.25217391304347825,33.60379041248606,1.0,0.0054140854563413,1.3271744432163457,0.9921969357706035,0.232,0.24651954751588917,0.49788182831661093,Charcoal Bag,"BBQ Sauce, Ground Beef",1,2,6.254347826086956,Noteworthy,10.8,115.0,86.0,17.2,185.76,"Customers who buy **Charcoal Bag** buy **BBQ Sauce, Ground Beef** 25% of the time — that's 33.6x more often than if the two were unrelated (lift=33.6). Closing this gap for even a fraction of missed baskets could add roughly **$186** in incremental revenue over the analysis period.","Feature 'BBQ Sauce, Ground Beef' in a 'frequently bought with Charcoal Bag' recommendation slot online and on receipts."
0.009236097748701174,0.10583028670386761,0.006349817202232057,0.6875,6.49625,1.0,0.005372358329462066,2.8613430825476236,0.8539522237327636,0.058407079646017705,0.650513772326232,0.37375,"Burger Buns, Charcoal Bag",Ground Beef,2,1,5.476573275862069,Obvious (known pattern),6.9,48.0,15.0,3.0,20.7,"Customers who buy **Burger Buns, Charcoal Bag** buy **Ground Beef** 69% of the time — that's 6.5x more often than if the two were unrelated (lift=6.5). Closing this gap for even a fraction of missed baskets could add roughly **$21** in incremental revenue over the analysis period.","High priority: co-locate Ground Beef next to Burger Buns, Charcoal Bag, or bundle them at a small discount; this is a strong, reliable pattern."
0.032133923417356165,0.10583028670386761,0.01539349624783529,0.47904191616766467,4.52651061513337,1.0,0.011992753919656362,1.7163947370167139,0.8049453280318092,0.12558869701726844,0.41738343841690406,0.3122482308111051,Burger Buns,Ground Beef,1,1,5.290304657143395,Obvious (known pattern),6.9,167.0,87.0,17.4,120.06,Customers who buy **Burger Buns** buy **Ground Beef** 48% of the time — that's 4.53x more often than if the two were unrelated (lift=4.53). Closing this gap for even a fraction of missed baskets could add roughly **$120** in incremental revenue over the analysis period.,"High priority: co-locate Ground Beef next to Burger Buns, or bundle them at a small discount; this is a strong, reliable pattern."
0.07831441216086203,0.09409274581489321,0.02232056955936117,0.28501228501228504,3.029056943167373,1.0,0.014951751482266396,1.2670249225200634,0.726781729177165,0.14871794871794874,0.21074954231283885,0.26111554945910775,Cereal,Milk 1L,1,1,5.084553041608256,Obvious (known pattern),1.6,407.0,291.0,58.2,93.12,Customers who buy **Cereal** buy **Milk 1L** 29% of the time — that's 3.03x more often than if the two were unrelated (lift=3.03). Closing this gap for even a fraction of missed baskets could add roughly **$93** in incremental revenue over the analysis period.,Feature 'Milk 1L' in a 'frequently bought with Cereal' recommendation slot online and on receipts.
0.03290359822974793,0.10583028670386761,0.014431402732345585,0.43859649122807026,4.144338118022329,1.0,0.01094920549810249,1.592739801808736,0.7845204934341425,0.11609907120743035,0.37215105765273965,0.28748006379585334,Ketchup,Ground Beef,1,1,4.8890172138810986,Noteworthy,6.9,171.0,96.0,19.2,132.48,Customers who buy **Ketchup** buy **Ground Beef** 44% of the time — that's 4.14x more often than if the two were unrelated (lift=4.14). Closing this gap for even a fraction of missed baskets could add roughly **$132** in incremental revenue over the analysis period.,"High priority: co-locate Ground Beef next to Ketchup, or bundle them at a small discount; this is a strong, reliable pattern."
0.011545122185876467,0.07408120069270734,0.005387723686742351,0.4666666666666666,6.299393939393938,1.0,0.004532447173068608,1.7360977487011735,0.851080397118941,0.06714628297362109,0.42399556663895804,0.26969696969696966,"Guacamole Dip, Salsa Dip",Tortilla Chips,2,1,4.807168234064785,Obvious (known pattern),3.3,60.0,32.00000000000001,6.4,21.12,"Customers who buy **Guacamole Dip, Salsa Dip** buy **Tortilla Chips** 47% of the time — that's 6.3x more often than if the two were unrelated (lift=6.3). Closing this gap for even a fraction of missed baskets could add roughly **$21** in incremental revenue over the analysis period.","High priority: co-locate Tortilla Chips next to Guacamole Dip, Salsa Dip, or bundle them at a small discount; this is a strong, reliable pattern."
0.009428516451799115,0.10583028670386761,0.005580142389840293,0.5918367346938775,5.592319109461966,1.0,0.00458231979055426,2.1907157975755243,0.8289995445167858,0.050877192982456146,0.5435281924260988,0.32228200371057514,"BBQ Sauce, Charcoal Bag",Ground Beef,2,1,4.729833024118738,Noteworthy,6.9,49.0,20.0,4.0,27.6,"Customers who buy **BBQ Sauce, Charcoal Bag** buy **Ground Beef** 59% of the time — that's 5.59x more often than if the two were unrelated (lift=5.59). Closing this gap for even a fraction of missed baskets could add roughly **$28** in incremental revenue over the analysis period.","High priority: co-locate Ground Beef next to BBQ Sauce, Charcoal Bag, or bundle them at a small discount; this is a strong, reliable pattern."
0.02347508177794882,0.049259187993072925,0.006349817202232057,0.2704918032786885,5.491194928278688,1.0,0.005193453735779316,1.303262686121855,0.8375518734139423,0.0956521739130435,0.23269498110490672,0.19969902663934425,Parmesan Cheese,Tomato Pasta Sauce,1,1,4.14002934655879,Noteworthy,3.1,122.0,89.0,17.8,55.18,Customers who buy **Parmesan Cheese** buy **Tomato Pasta Sauce** 27% of the time — that's 5.49x more often than if the two were unrelated (lift=5.49). Closing this gap for even a fraction of missed baskets could add roughly **$55** in incremental revenue over the analysis period.,Feature 'Tomato Pasta Sauce' in a 'frequently bought with Parmesan Cheese' recommendation slot online and on receipts.
0.014238984029247642,0.08908985953434674,0.005387723686742351,0.37837837837837834,4.247154281711516,1.0,0.004119174599664872,1.4653771824882245,0.7755918686037757,0.05500982318271119,0.3175818403955286,0.21942677018270967,"Guacamole Dip, Tortilla Chips",Salsa Dip,2,1,3.6044718286469974,Obvious (known pattern),3.8,74.0,46.00000000000001,9.2,34.96,"Customers who buy **Guacamole Dip, Tortilla Chips** buy **Salsa Dip** 38% of the time — that's 4.25x more often than if the two were unrelated (lift=4.25). Closing this gap for even a fraction of missed baskets could add roughly **$35** in incremental revenue over the analysis period.","Feature 'Salsa Dip' in a 'frequently bought with Guacamole Dip, Tortilla Chips' recommendation slot online and on receipts."
0.014816240138541466,0.08832018472195498,0.005387723686742351,0.3636363636363636,4.117250940780352,1.0,0.0040791506208215245,1.432639709722642,0.7685058593749998,0.05511811023622047,0.30198779692236843,0.21231927114280053,"Salsa Dip, Tortilla Chips",Guacamole Dip,2,1,3.5100361286973856,Obvious (known pattern),4.2,77.0,49.00000000000001,9.8,41.16,"Customers who buy **Salsa Dip, Tortilla Chips** buy **Guacamole Dip** 36% of the time — that's 4.12x more often than if the two were unrelated (lift=4.12). Closing this gap for even a fraction of missed baskets could add roughly **$41** in incremental revenue over the analysis period.","Feature 'Guacamole Dip' in a 'frequently bought with Salsa Dip, Tortilla Chips' recommendation slot online and on receipts."
0.0173176832788147,0.08177794881662498,0.005387723686742351,0.31111111111111106,3.804339869281045,1.0,0.00397151906994492,1.332902977524254,0.7501328708495342,0.057494866529774126,0.2497578466983328,0.18849673202614375,Diapers Pack,Beer 6-Pack,1,1,3.2485300878972274,Noteworthy,9.9,90.0,62.0,12.4,122.76,Customers who buy **Diapers Pack** buy **Beer 6-Pack** 31% of the time — that's 3.8x more often than if the two were unrelated (lift=3.8). Closing this gap for even a fraction of missed baskets could add roughly **$123** in incremental revenue over the analysis period.,Feature 'Beer 6-Pack' in a 'frequently bought with Diapers Pack' recommendation slot online and on receipts.
0.02212815085626323,0.10583028670386761,0.007119492014623821,0.3217391304347826,3.0401422924901182,1.0,0.004777663465279049,1.3183271413981437,0.6862535498899134,0.0589171974522293,0.24146293541415215,0.19450592885375492,Charcoal Bag,Ground Beef,1,1,3.1204459588387623,Noteworthy,6.9,115.0,78.00000000000001,15.6,107.64,Customers who buy **Charcoal Bag** buy **Ground Beef** 32% of the time — that's 3.04x more often than if the two were unrelated (lift=3.04). Closing this gap for even a fraction of missed baskets could add roughly **$108** in incremental revenue over the analysis period.,Feature 'Ground Beef' in a 'frequently bought with Charcoal Bag' recommendation slot online and on receipts.
0.02578410621512411,0.08908985953434674,0.007119492014623821,0.27611940298507465,3.099335933722317,1.0,0.004822389613699737,1.258370709509253,0.6952773433121052,0.06607142857142856,0.20532161751445566,0.17801650494826088,Peanut Butter,White Bread,1,1,3.058803324555446,Obvious (known pattern),2.5,134.0,97.0,19.4,48.5,Customers who buy **Peanut Butter** buy **White Bread** 28% of the time — that's 3.1x more often than if the two were unrelated (lift=3.1). Closing this gap for even a fraction of missed baskets could add roughly **$48** in incremental revenue over the analysis period.,Feature 'White Bread' in a 'frequently bought with Peanut Butter' recommendation slot online and on receipts.
0.02867038676159323,0.10583028670386761,0.007504329420819703,0.26174496644295303,2.4732519829164126,1.0,0.004470134169929522,1.2111935207374884,0.6132563289853306,0.05909090909090909,0.1743681064351252,0.16632702867602198,BBQ Sauce,Ground Beef,1,1,2.768736613999285,Noteworthy,6.9,149.0,110.0,22.0,151.8,Customers who buy **BBQ Sauce** buy **Ground Beef** 26% of the time — that's 2.47x more often than if the two were unrelated (lift=2.47). Closing this gap for even a fraction of missed baskets could add roughly **$152** in incremental revenue over the analysis period.,Feature 'Ground Beef' in a 'frequently bought with BBQ Sauce' recommendation slot online and on receipts.
